rec,source,year,title,decision,note
S01604,PubMed,2026,Rethinking Post-Traumatic Stress Disorder: A Systems-Level Disorder of Stress Dysregulation and the Role of Complementary and Alternative Medicine.,X-off,"no formal model of organ priority under shortage; clinical, molecular or other use of the search terms (batch-coded after reading)"
S01605,PubMed,2026,Neuroenergetic flexibility in the aging brain: Cellular mechanisms and diet-induced metabolic switching.,X-off,"no formal model of organ priority under shortage; clinical, molecular or other use of the search terms (batch-coded after reading)"
S01606,PubMed,2026,"The Vagus Nerve in Alcohol Use Disorder: Gut-Brain Mechanisms Linking Interoception, Neuroinflammation, and Reward.",X-off,"no formal model of organ priority under shortage; clinical, molecular or other use of the search terms (batch-coded after reading)"
S01607,PubMed,2026,"Crosstalk and Convergence in Alzheimer's Disease: Integrating Brain Injury, Neuroinflammation, and Precision Medicine for Next-Generation Therapeutics.",X-off,"no formal model of organ priority under shortage; clinical, molecular or other use of the search terms (batch-coded after reading)"
S01608,PubMed,2026,From environmental perception to reproductive allocation: the microbiome-membrane-mitochondria axis in poultry.,X-off,"no formal model of organ priority under shortage; clinical, molecular or other use of the search terms (batch-coded after reading)"
S01609,PubMed,2026,40 Years of diffusion MRI in the brain: From history to emerging frontiers.,X-off,"no formal model of organ priority under shortage; clinical, molecular or other use of the search terms (batch-coded after reading)"
S01610,PubMed,2026,Early-stage myocardial changes are not aggravated by Western diet or ageing in Mybpc3 c.2373insG heterozygous mice.,X-off,"no formal model of organ priority under shortage; clinical, molecular or other use of the search terms (batch-coded after reading)"
S01611,PubMed,2026,"Integrating reflex, feedback, and prediction: a tiered model of physiological regulation for contemporary medical education.",X1-neighbour,"tiered model of regulation: reflex, homeostatic, predictive"
S01612,PubMed,2026,Sepsis as CNS-governed metabolic triage.,X1-neighbour,sepsis as CNS-governed metabolic triage: Selfish Brain plus metabolic shutdown (organ hibernation)
S01613,PubMed,2026,"Glucose as fuel for HPA axis regulation: A narrative review on energy metabolism, stress reactivity, and early life adversity.",X-off,"no formal model of organ priority under shortage; clinical, molecular or other use of the search terms (batch-coded after reading)"
S01614,PubMed,2026,The sixth sense of the brain: interoception in organoid study.,X-off,"no formal model of organ priority under shortage; clinical, molecular or other use of the search terms (batch-coded after reading)"
S01615,PubMed,2026,Microbial neuroscience: The gut microbiota as a cognitive layer.,X-off,"no formal model of organ priority under shortage; clinical, molecular or other use of the search terms (batch-coded after reading)"
S01616,PubMed,2026,Atomically Precise Pt3Cu2 Clusters Restore Energy Metabolism via Targeted Succinate Degradation.,X-off,"no formal model of organ priority under shortage; clinical, molecular or other use of the search terms (batch-coded after reading)"
S01617,PubMed,2026,Structure and functional analysis of two insulin superfamily members in the Pacific white shrimp Litopenaeus vannamei.,X-off,"no formal model of organ priority under shortage; clinical, molecular or other use of the search terms (batch-coded after reading)"
S01618,PubMed,2026,The lactate-HCAR1 axis in exercise psychiatry: a candidate mechanism linking bone marrow-brain immunity to inflammation-related depression.,X-off,"no formal model of organ priority under shortage; clinical, molecular or other use of the search terms (batch-coded after reading)"
S01619,PubMed,2026,Enabling sustainable supply of the essential cancer medicines etoposide and teniposide in yeast.,X-off,"no formal model of organ priority under shortage; clinical, molecular or other use of the search terms (batch-coded after reading)"
S01620,PubMed,2026,"Regulatory logic of the Chlamydomonas CO2-concentrating mechanism: coupling carbon flux, energy supply, and pyrenoid architecture.",X-off,"no formal model of organ priority under shortage; clinical, molecular or other use of the search terms (batch-coded after reading)"
S01621,PubMed,2026,Discovery and quantification of novel diazepam metabolites BP-246 and BP-271 in freshwater fish using HRMS and UPLC-MS/MS.,X-off,"no formal model of organ priority under shortage; clinical, molecular or other use of the search terms (batch-coded after reading)"
S01622,PubMed,2026,Sleep-related Alzheimer's disease vulnerability in aging: A muscle-metabolic perspective.,X-off,"no formal model of organ priority under shortage; clinical, molecular or other use of the search terms (batch-coded after reading)"
S01623,PubMed,2026,Brain over muscle: central mechanisms predominate in gait impairment among older adults with type 2 diabetes mellitus.,X-off,"no formal model of organ priority under shortage; clinical, molecular or other use of the search terms (batch-coded after reading)"
S01624,PubMed,2026,"Extracellular vesicle-mediated bidirectional communication between the brain and peripheral organs in Alzheimer's disease: evidence, mechanisms, and translational perspectives.",X-off,"no formal model of organ priority under shortage; clinical, molecular or other use of the search terms (batch-coded after reading)"
S01625,PubMed,2026,Smart Logistics Model for Supply Chain Management via Brain-Inspired Geometric Deep Networks.,X-off,"no formal model of organ priority under shortage; clinical, molecular or other use of the search terms (batch-coded after reading)"
S01626,PubMed,2026,Sodium-glucose cotransporter 2 inhibitors in breast cancer patients on endocrine therapy: a targeted strategy to mitigate long-term cardiometabolic risk.,X-off,"no formal model of organ priority under shortage; clinical, molecular or other use of the search terms (batch-coded after reading)"
S01627,PubMed,2026,Rethinking parenteral nutrition as supportive therapy for neonatal sepsis.,X-off,"no formal model of organ priority under shortage; clinical, molecular or other use of the search terms (batch-coded after reading)"
S01628,PubMed,2026,Parental care increases endothermy of striped hamsters (Cricetulus barabensis) rearing different litter size.,X-off,"no formal model of organ priority under shortage; clinical, molecular or other use of the search terms (batch-coded after reading)"
S01629,PubMed,2026,"Environmental toxins, PFAS exposure, and brain metabolism: A new angle in Alzheimer's disease pathophysiology.",X-off,"no formal model of organ priority under shortage; clinical, molecular or other use of the search terms (batch-coded after reading)"
S01630,PubMed,2026,Systemic stress states are reversed by NPBWR1 inhibition.,X-off,"no formal model of organ priority under shortage; clinical, molecular or other use of the search terms (batch-coded after reading)"
S01631,PubMed,2026,Correction: Brain-Centered Interventions for Nociplastic Pain: From Symptom Management to Pain Resolution.,X-off,"no formal model of organ priority under shortage; clinical, molecular or other use of the search terms (batch-coded after reading)"
S01632,PubMed,2026,CD11c+ CD8 T cells cause IFN-γ-dependent autoimmune neuroinflammation that is restrained by PD-1 signaling.,X-off,"no formal model of organ priority under shortage; clinical, molecular or other use of the search terms (batch-coded after reading)"
S01633,PubMed,2026,Beyond the Gut: Necrotizing Enterocolitis as a Gut-Brain Axis Disorder of Neurodevelopment.,X-off,"no formal model of organ priority under shortage; clinical, molecular or other use of the search terms (batch-coded after reading)"
S01634,PubMed,2026,Propagation of gut-injected AAV2/1-Htt171-82Q to the brain induces Huntington's disease-like pathology.,X-off,"no formal model of organ priority under shortage; clinical, molecular or other use of the search terms (batch-coded after reading)"
S01635,PubMed,2026,Neurovascular and synaptic milieu of brain-resident cells in cognitive dysfunction of myalgic encephalomyelitis/chronic fatigue syndrome.,X-off,"no formal model of organ priority under shortage; clinical, molecular or other use of the search terms (batch-coded after reading)"
S01636,PubMed,2026,Brain-Centered Interventions for Nociplastic Pain: From Symptom Management to Pain Resolution.,X-off,"no formal model of organ priority under shortage; clinical, molecular or other use of the search terms (batch-coded after reading)"
S01637,PubMed,2026,Eel-Inspired Self-Powered Hydrogel Nerve Conduit: A Fully Degradable Scaffold for Peripheral Nerve Repair.,X-off,"no formal model of organ priority under shortage; clinical, molecular or other use of the search terms (batch-coded after reading)"
S01638,PubMed,2026,Cold exposure impairs the muscle growth-promoting effect of nighttime-restricted feeding by desynchronizing mitochondrial energy supply rhythm in rabbits.,X-off,"no formal model of organ priority under shortage; clinical, molecular or other use of the search terms (batch-coded after reading)"
S01639,PubMed,2026,Transcranial Doppler ultrasonography in geriatric anesthesia: moving toward personalized brain protection strategies.,X-off,"no formal model of organ priority under shortage; clinical, molecular or other use of the search terms (batch-coded after reading)"
S01640,PubMed,2026,Investigating the Effect and Mechanism of Protocatechuic Aldehyde on Vascular Dementia Based on Multi-Omics Approach.,X-off,"no formal model of organ priority under shortage; clinical, molecular or other use of the search terms (batch-coded after reading)"
S01641,PubMed,2026,Loss of thermodynamic efficiency of various organs and functions of Drosophila melanogaster during aging.,X-off,"no formal model of organ priority under shortage; clinical, molecular or other use of the search terms (batch-coded after reading)"
S01642,PubMed,2026,Research on the compatibility mechanism of the Tingli Dazao Xiefei Decoction by multi-organ metabolomics strategy.,X-off,"no formal model of organ priority under shortage; clinical, molecular or other use of the search terms (batch-coded after reading)"
S01643,PubMed,2026,A novel bioenergetic model outlines the metabolism of a deep-sea clam and that of its sulfur-oxidizing symbionts.,X5-near,DEB 'farming' model: deep-sea clam digests its sulfur-oxidising symbionts
S01644,PubMed,2026,Chloroplast-Inspired Nanoassemblies for Ischemic Stroke Therapy: Cross-Kingdom Recoupling with Mitochondrial Metabolism.,X-off,"no formal model of organ priority under shortage; clinical, molecular or other use of the search terms (batch-coded after reading)"
S01645,PubMed,2026,Survival over growth: Accelerated bursa of Fabricius development enhances immune resilience in heavy metal-exposed tree sparrows.,X-off,"no formal model of organ priority under shortage; clinical, molecular or other use of the search terms (batch-coded after reading)"
S01646,PubMed,2026,Revisiting Rosacea Through the Skin-Gut-Brain Axis: A Neuroimmune Perspective.,X-off,"no formal model of organ priority under shortage; clinical, molecular or other use of the search terms (batch-coded after reading)"
S01647,PubMed,2026,"[Electroacupuncture of ""Shenmen""(HT7) regulates the pyruvate-lactate metabolic axis to improve myocardial injury in acute myocardial ischemia rats].",X-off,"no formal model of organ priority under shortage; clinical, molecular or other use of the search terms (batch-coded after reading)"
S01648,PubMed,2026,Insulin and leucokinin pathways coordinate adaptive salt appetite in Drosophila.,X-off,"no formal model of organ priority under shortage; clinical, molecular or other use of the search terms (batch-coded after reading)"
S01649,PubMed,2026,Integrating EEG Sensors with Virtual Reality to Support Students with ADHD.,X-off,"no formal model of organ priority under shortage; clinical, molecular or other use of the search terms (batch-coded after reading)"
S01650,PubMed,2026,Trans-activator of transcription-pre-B-cell leukemia transcription factor 1 alleviates Alzheimer's disease by reducing neuronal insulin resistance and restoring energy homeostasis.,X-off,"no formal model of organ priority under shortage; clinical, molecular or other use of the search terms (batch-coded after reading)"
S01651,PubMed,2026,Acutely denervated muscle EVs reshape neuronal mitochondrial metabolism via retrograde signaling to rescue peripheral nerve injury.,X-off,"no formal model of organ priority under shortage; clinical, molecular or other use of the search terms (batch-coded after reading)"
S01652,PubMed,2026,Adipocyte fatty acid-binding protein as a cerebrospinal fluid-accessible biomarker and druggable target in subarachnoid haemorrhage: Linking fatty acid dysregulation to microglial neuroinflammation.,X-off,"no formal model of organ priority under shortage; clinical, molecular or other use of the search terms (batch-coded after reading)"
S01653,PubMed,2026,Monochorionic-twin-on-a-chip for investigating fetal organ growth and metabolism.,X-off,"no formal model of organ priority under shortage; clinical, molecular or other use of the search terms (batch-coded after reading)"
S01654,PubMed,2025,Repetitive transcranial magnetic stimulation combined with stepwise task orientation for upper limb function in stroke patients: neurological function test.,X-off,"no formal model of organ priority under shortage; clinical, molecular or other use of the search terms (batch-coded after reading)"
S01655,PubMed,2025,"Altered Glut4, IRAP, and Brain Insulin Signaling in a Mouse Model of Epilepsy and Contributions to Glucose Transport in Neurons and Astrocytes.",X-off,"no formal model of organ priority under shortage; clinical, molecular or other use of the search terms (batch-coded after reading)"
S01656,PubMed,2025,Precancer exercise capacity and metabolism during tumor development coordinate the skeletal muscle-tumor metabolic competition.,E,empirical muscle-tumour competition for glucose
S01657,PubMed,2026,"Hormetic effects of chemical contaminants on animal development: Mechanisms, phenotypes, and ecological implications.",X-off,"no formal model of organ priority under shortage; clinical, molecular or other use of the search terms (batch-coded after reading)"
S01658,PubMed,2025,Effect of the Gestational Fluoxetine Administration on Behavioral Tests and Hippocampal Structure in Male Offspring of Rats.,X-off,"no formal model of organ priority under shortage; clinical, molecular or other use of the search terms (batch-coded after reading)"
S01659,PubMed,2025,Transcriptomic profiling reveals tissue-specific and sex-dimorphic lipid storage in Bufo gargarizans.,X-off,"no formal model of organ priority under shortage; clinical, molecular or other use of the search terms (batch-coded after reading)"
S01660,PubMed,2025,More than meets the eye: Retinal phosphenes as confounds in transcranial alternating current stimulation.,X-off,"no formal model of organ priority under shortage; clinical, molecular or other use of the search terms (batch-coded after reading)"
S01661,PubMed,2026,Modeling of Intensive Care Risk Factors for Spreading Depolarizations in Severe Traumatic Brain Injury.,X-off,"no formal model of organ priority under shortage; clinical, molecular or other use of the search terms (batch-coded after reading)"
S01662,PubMed,2025,The allostatic triage model of psychopathology (ATP Model): How reallocation of brain energetic resources under stress elicits psychiatric symptoms.,X1-neighbour,Allostatic Triage Model of Psychopathology: reallocation of brain energy under stress
S01663,PubMed,2025,A unifying psycho-neuroendocrine-developmental model for the cortisol awakening response primes human cognition and emotion: 2025 Dirk Hellhammer award.,X-off,"no formal model of organ priority under shortage; clinical, molecular or other use of the search terms (batch-coded after reading)"
S01664,PubMed,2025,Fatty acid metabolism in ischemic stroke: multi-omics biomarker discovery and therapeutic potential of GPR84.,X-off,"no formal model of organ priority under shortage; clinical, molecular or other use of the search terms (batch-coded after reading)"
S01665,PubMed,2025,Neurometabolic predictors of mental effort in the frontal cortex.,X-off,"no formal model of organ priority under shortage; clinical, molecular or other use of the search terms (batch-coded after reading)"
S01666,PubMed,2025,Elucidating reaction dynamics in a model of human brain energy metabolism.,X-off,"no formal model of organ priority under shortage; clinical, molecular or other use of the search terms (batch-coded after reading)"
S01667,PubMed,2025,How golden age Arab-Islamic scholars revolutionized sleep physiology and dream analysis.,X-off,"no formal model of organ priority under shortage; clinical, molecular or other use of the search terms (batch-coded after reading)"
S01668,PubMed,2025,Extending the Branches of Neonatal Neurocritical Care.,X-off,"no formal model of organ priority under shortage; clinical, molecular or other use of the search terms (batch-coded after reading)"
S01669,PubMed,2025,Toward the future of next-generation dairy foods-A processing perspective and economic analysis.,X-off,"no formal model of organ priority under shortage; clinical, molecular or other use of the search terms (batch-coded after reading)"
S01670,PubMed,2025,Proteo-transcriptomic reprogramming and resource reallocation define the aging mammalian brain.,X-off,"no formal model of organ priority under shortage; clinical, molecular or other use of the search terms (batch-coded after reading)"
S01671,PubMed,2026,Neuroplasticity and brain health: insights from natural torpor.,X-off,"no formal model of organ priority under shortage; clinical, molecular or other use of the search terms (batch-coded after reading)"
S01672,PubMed,2026,"Lead Caused Developmental Cardiotoxicology in Japanese Quail (Coturnix japonica): Histopathological Injury, Oxidative Stress, Cell Apoptosis, and AMPK-Based Energy Metabolism Disruption.",X-off,"no formal model of organ priority under shortage; clinical, molecular or other use of the search terms (batch-coded after reading)"
S01673,PubMed,2025,Hypertension: a cardiovascular magnetic resonance imaging update.,X-off,"no formal model of organ priority under shortage; clinical, molecular or other use of the search terms (batch-coded after reading)"
S01674,PubMed,2025,Integrated untargeted and targeted metabolomics to reveal the mechanisms of herbal medicine HLXLD on Alzheimer's disease.,X-off,"no formal model of organ priority under shortage; clinical, molecular or other use of the search terms (batch-coded after reading)"
S01675,PubMed,2025,[Study of the dynamics of arterial pressure and body composition during manual physical therapy using the method of A.Yu. Shishonin].,X-off,"no formal model of organ priority under shortage; clinical, molecular or other use of the search terms (batch-coded after reading)"
S01676,PubMed,2025,Potential therapeutic targets for hypoxic-ischemic brain injury based on mitochondrial reprogramming mechanism.,X-off,"no formal model of organ priority under shortage; clinical, molecular or other use of the search terms (batch-coded after reading)"
S01677,PubMed,2025,Serum Metabolome Profiling Reveals Biomarkers to Predict Malignant Brain Edema Following Endovascular Stroke Therapy.,X-off,"no formal model of organ priority under shortage; clinical, molecular or other use of the search terms (batch-coded after reading)"
S01678,PubMed,2025,Brain-specific expression of cytomegalovirus immediate early protein 1 disrupts neurodevelopment in mice by inducing neuroinflammation and altering astrocytic metabolism.,X-off,"no formal model of organ priority under shortage; clinical, molecular or other use of the search terms (batch-coded after reading)"
S01679,PubMed,2025,Unveiling organ-specific metabolism of Citrus clementina.,X-off,"no formal model of organ priority under shortage; clinical, molecular or other use of the search terms (batch-coded after reading)"
S01680,PubMed,2025,Exosomes and microRNA - a new form of remote and bidirectional neuroimmunomodulation?,X-off,"no formal model of organ priority under shortage; clinical, molecular or other use of the search terms (batch-coded after reading)"
S01681,PubMed,2026,Modulation of mitochondrial dysfunction: Mechanisms and strategies for the use of natural products to treat stroke.,X-off,"no formal model of organ priority under shortage; clinical, molecular or other use of the search terms (batch-coded after reading)"
S01682,PubMed,2026,Assessing the cardiac function from micro-gravity to hyper-gravity conditions through a validated multiscale modelling approach.,CHECK,"multiscale cardiovascular model, cardiac function micro to hyper-gravity"
S01683,PubMed,2025,Insights into insulin signalling and oxidative stress in the Tg2576 mouse model of familial Alzheimer's disease: effects of chronic oral galactose administration.,X-off,"no formal model of organ priority under shortage; clinical, molecular or other use of the search terms (batch-coded after reading)"
S01684,PubMed,2025,Unraveling the Enigma: Exploring the Periphery's Influence in Alzheimer's Pathophysiology-Cause or Consequence?,X-off,"no formal model of organ priority under shortage; clinical, molecular or other use of the search terms (batch-coded after reading)"
S01685,PubMed,2025,[Energy processes in the sleep-wake cycle].,X-off,"no formal model of organ priority under shortage; clinical, molecular or other use of the search terms (batch-coded after reading)"
S01686,PubMed,2025,The competition between brain and body: Does performing simultaneous cognitive and physical tasks alter the cortical activity of athletes compared to performing these tasks in isolation?,X-off,"no formal model of organ priority under shortage; clinical, molecular or other use of the search terms (batch-coded after reading)"
S01687,PubMed,2025,Role of glucose metabolism in amelogenesis.,X-off,"no formal model of organ priority under shortage; clinical, molecular or other use of the search terms (batch-coded after reading)"
S01688,PubMed,2025,Restoration of mitochondrial energy metabolism by electroconvulsive therapy in adolescent and juvenile mice.,X-off,"no formal model of organ priority under shortage; clinical, molecular or other use of the search terms (batch-coded after reading)"
S01689,PubMed,2025,An enriched environment restored hippocampal cell patterns and enhanced short-term memory in gestational and breastfeeding protein-restricted male offspring.,X-off,"no formal model of organ priority under shortage; clinical, molecular or other use of the search terms (batch-coded after reading)"
S01690,PubMed,2025,Seizure and redox rescue in a model of glucose transport deficiency.,CHECK,neuro-glia-vasculature model under diminished glucose supply (GLUT1 deficiency): neuron against astrocyte
S01691,PubMed,2025,The Brain That Understands Diversity: A Pilot Study Focusing on the Triple Network.,X-off,"no formal model of organ priority under shortage; clinical, molecular or other use of the search terms (batch-coded after reading)"
S01692,PubMed,2025,Impaired mitochondrial integrity and compromised energy production underscore the mechanism underlying CoASY protein-associated neurodegeneration.,X-off,"no formal model of organ priority under shortage; clinical, molecular or other use of the search terms (batch-coded after reading)"
S01693,PubMed,2025,Biological mechanisms contradict AI consciousness: The spaces between the notes.,X-off,"no formal model of organ priority under shortage; clinical, molecular or other use of the search terms (batch-coded after reading)"
S01694,PubMed,2025,When the 'selfish' brain and the 'selfish' immune system clash.,X1-neighbour,When the selfish brain and the selfish immune system clash
S01695,PubMed,2024,Immersive interfaces for clinical applications: current status and future perspective.,X-off,"no formal model of organ priority under shortage; clinical, molecular or other use of the search terms (batch-coded after reading)"
S01696,PubMed,2024,Aquaporins in sepsis- an update.,X-off,"no formal model of organ priority under shortage; clinical, molecular or other use of the search terms (batch-coded after reading)"
S01697,PubMed,2024,[«Selfish brain» theory: modern concept and practical use. (Literature review)].,X-off,"no formal model of organ priority under shortage; clinical, molecular or other use of the search terms (batch-coded after reading)"
S01698,PubMed,2024,GEPAF: A non-monotonic generalized activation function in neural network for improving prediction with diverse data distributions characteristics.,X-off,"no formal model of organ priority under shortage; clinical, molecular or other use of the search terms (batch-coded after reading)"
S01699,PubMed,2024,"Inhibiting Ca2+ channels in Alzheimer's disease model mice relaxes pericytes, improves cerebral blood flow and reduces immune cell stalling and hypoxia.",X-off,"no formal model of organ priority under shortage; clinical, molecular or other use of the search terms (batch-coded after reading)"
S01700,PubMed,2024,Neuropathology and neuroinflammation in Alzheimer's disease via bidirectional lung-brain axis.,X-off,"no formal model of organ priority under shortage; clinical, molecular or other use of the search terms (batch-coded after reading)"
S01701,PubMed,2024,A multi-objective brain storm optimization for integrated distributed flexible job shop and distribution problems.,X-off,"no formal model of organ priority under shortage; clinical, molecular or other use of the search terms (batch-coded after reading)"
S01702,PubMed,2024,[Spinal manipulation techniques in the treatment of arterial hypertension. (A literature review)].,X-off,"no formal model of organ priority under shortage; clinical, molecular or other use of the search terms (batch-coded after reading)"
S01703,PubMed,2024,Nasal turbinate lymphatic obstruction: a proposed new paradigm in the etiology of essential hypertension.,X-off,"no formal model of organ priority under shortage; clinical, molecular or other use of the search terms (batch-coded after reading)"
S01704,PubMed,2024,NDRG2 regulates glucose metabolism and ferroptosis of OGD/R-treated astrocytes by the Wnt/β-catenin signaling.,X-off,"no formal model of organ priority under shortage; clinical, molecular or other use of the search terms (batch-coded after reading)"
S01705,PubMed,2024,"Phillyrin and its metabolites exert antipyretic effects by targeting the NAD+ binding domain of GAPDH, MDH2 and IDH2.",X-off,"no formal model of organ priority under shortage; clinical, molecular or other use of the search terms (batch-coded after reading)"
S01706,PubMed,2024,The future of medicine: an outline attempt using state-of-the-art business and scientific trends.,X-off,"no formal model of organ priority under shortage; clinical, molecular or other use of the search terms (batch-coded after reading)"
S01707,PubMed,2024,[Application scenario design and prospect of generative artificial intelligence (AI) in intelligent manufacturing and supply chain of traditional Chinese medicine].,X-off,"no formal model of organ priority under shortage; clinical, molecular or other use of the search terms (batch-coded after reading)"
S01708,PubMed,2024,Centralizing the Knowledge and Interpretation of Pain in Chemotherapy-Induced Peripheral Neuropathy: A Paradigm Shift towards Brain-Centric Approaches.,X-off,"no formal model of organ priority under shortage; clinical, molecular or other use of the search terms (batch-coded after reading)"
S01709,PubMed,2024,Oligodendroglioma: a neurological perspective in Sub-saharan Africa.,X-off,"no formal model of organ priority under shortage; clinical, molecular or other use of the search terms (batch-coded after reading)"
S01710,PubMed,2024,Adenosine signalling to astrocytes coordinates brain metabolism and function.,X-off,"no formal model of organ priority under shortage; clinical, molecular or other use of the search terms (batch-coded after reading)"
S01711,PubMed,2024,Ex-Vivo 13C NMR Spectroscopy of Rodent Brain: TNF Restricts Neuronal Utilization of Astrocyte-Derived Metabolites.,X-off,"no formal model of organ priority under shortage; clinical, molecular or other use of the search terms (batch-coded after reading)"
S01712,PubMed,2024,Heterogeneous metabolic changes of brown and white adipose tissues are associated with metabolic adaptations in periparturient mice.,X-off,"no formal model of organ priority under shortage; clinical, molecular or other use of the search terms (batch-coded after reading)"
S01713,PubMed,2024,Expression characteristics of lipid metabolism-related genes and correlative immune infiltration landscape in acute myocardial infarction.,X-off,"no formal model of organ priority under shortage; clinical, molecular or other use of the search terms (batch-coded after reading)"
S01714,PubMed,2024,The activation of AMPK/PGC-1α/GLUT4 signaling pathway through early exercise improves mitochondrial function and mitigates ischemic brain damage.,X-off,"no formal model of organ priority under shortage; clinical, molecular or other use of the search terms (batch-coded after reading)"
S01715,PubMed,2024,CSF amino acid profiles in ICV-streptozotocin-induced sporadic Alzheimer's disease in male Wistar rat: a metabolomics and systems biology perspective.,X-off,"no formal model of organ priority under shortage; clinical, molecular or other use of the search terms (batch-coded after reading)"
S01716,PubMed,2024,Investigating Sea-Level Brain Predictors for Acute Mountain Sickness: A Multimodal MRI Study before and after High-Altitude Exposure.,X-off,"no formal model of organ priority under shortage; clinical, molecular or other use of the search terms (batch-coded after reading)"
S01717,PubMed,2024,Octopamine integrates the status of internal energy supply into the formation of food-related memories.,X-off,"no formal model of organ priority under shortage; clinical, molecular or other use of the search terms (batch-coded after reading)"
S01718,PubMed,2024,Longitudinal alterations in brain perfusion and vascular reactivity in the zQ175DN mouse model of Huntington's disease.,X-off,"no formal model of organ priority under shortage; clinical, molecular or other use of the search terms (batch-coded after reading)"
S01719,PubMed,2024,Astrocyte-derived lactate in stress disorders.,X-off,"no formal model of organ priority under shortage; clinical, molecular or other use of the search terms (batch-coded after reading)"
S01720,PubMed,2024,In search of a marker of altered cerebrovascular function in hypertension: Analysis of the fractional amplitude of low-frequency fluctuations in UK Biobank resting state fMRI data.,X-off,"no formal model of organ priority under shortage; clinical, molecular or other use of the search terms (batch-coded after reading)"
S01721,PubMed,2023,"Astrocytes: new evidence, new models, new roles.",X-off,"no formal model of organ priority under shortage; clinical, molecular or other use of the search terms (batch-coded after reading)"
S01722,PubMed,2023,[The applications and challenges of combined monitoring of macro/micro-circulation and mitochondrial homeostasis in early warning of perioperative organ injury].,X-off,"no formal model of organ priority under shortage; clinical, molecular or other use of the search terms (batch-coded after reading)"
S01723,PubMed,2024,Metabolic regulation in erythroid differentiation by systemic ketogenesis in fasted mice.,X-off,"no formal model of organ priority under shortage; clinical, molecular or other use of the search terms (batch-coded after reading)"
S01724,PubMed,2023,Impact of the 2023 armed conflict on Sudan's healthcare system.,X-off,"no formal model of organ priority under shortage; clinical, molecular or other use of the search terms (batch-coded after reading)"
S01725,PubMed,2023,Event-related potentials for investigating the willingness to recycle household medical waste.,X-off,"no formal model of organ priority under shortage; clinical, molecular or other use of the search terms (batch-coded after reading)"
S01726,PubMed,2023,Passive array micro-magnetic stimulation device based on multi-carrier wireless flexible control for magnetic neuromodulation.,X-off,"no formal model of organ priority under shortage; clinical, molecular or other use of the search terms (batch-coded after reading)"
S01727,PubMed,2023,Ion gradient-driven bifurcations of a multi-scale neuronal model.,X-off,"no formal model of organ priority under shortage; clinical, molecular or other use of the search terms (batch-coded after reading)"
S01728,PubMed,2023,Developmental changes in cerebral NAD and neuroenergetics of an antioxidant compromised mouse model of schizophrenia.,X-off,"no formal model of organ priority under shortage; clinical, molecular or other use of the search terms (batch-coded after reading)"
S01729,PubMed,2023,Analysis of the global trade network of the chip industry chain: Does the U.S.-China tech war matter?,X-off,"no formal model of organ priority under shortage; clinical, molecular or other use of the search terms (batch-coded after reading)"
S01730,PubMed,2023,A two-stages global sensitivity analysis by using the δ sensitivity index in presence of correlated inputs: application on a tumor growth inhibition model based on the dynamic energy budget theory.,X5-near,sensitivity-analysis method applied to a DEB tumour growth inhibition model (method paper)
S01731,PubMed,2023,Transcriptomic analysis provides insight into the genetic regulation of shade avoidance in Aegilops tauschii.,X-off,"no formal model of organ priority under shortage; clinical, molecular or other use of the search terms (batch-coded after reading)"
S01732,PubMed,2023,"E-cigarette Unit Sales by Product and Flavor Type, and Top-Selling Brands, United States, 2020-2022.",X-off,"no formal model of organ priority under shortage; clinical, molecular or other use of the search terms (batch-coded after reading)"
S01733,PubMed,2023,Traumatic Brain Injury Alters Cerebral Concentrations and Redox States of Coenzymes Q9 and Q10 in the Rat.,X-off,"no formal model of organ priority under shortage; clinical, molecular or other use of the search terms (batch-coded after reading)"
S01734,PubMed,2023,Biocultural psychopathology as a new epistemology for mental disorders.,X-off,"no formal model of organ priority under shortage; clinical, molecular or other use of the search terms (batch-coded after reading)"
S01735,PubMed,2023,Aminoprocalcitonin protects against hippocampal neuronal death via preserving oxidative phosphorylation in refractory status epilepticus.,X-off,"no formal model of organ priority under shortage; clinical, molecular or other use of the search terms (batch-coded after reading)"
S01736,PubMed,2023,Impaired dynamics of precapillary sphincters and pericytes at first-order capillaries predict reduced neurovascular function in the aging mouse brain.,X-off,"no formal model of organ priority under shortage; clinical, molecular or other use of the search terms (batch-coded after reading)"
S01737,PubMed,2023,The role of the ATP-adenosine axis in ischemic stroke.,X-off,"no formal model of organ priority under shortage; clinical, molecular or other use of the search terms (batch-coded after reading)"
S01738,PubMed,2023,The consequences of sea lamprey parasitism on lake trout energy budgets.,X5-near,DEB lake trout under sea lamprey parasitism
S01739,PubMed,2023,Human health risk assessment of edible body parts of chicken through heavy metals and trace elements quantitative analysis.,X-off,"no formal model of organ priority under shortage; clinical, molecular or other use of the search terms (batch-coded after reading)"
S01740,PubMed,2023,Altered energy metabolism in Fatal Familial Insomnia cerebral organoids is associated with astrogliosis and neuronal dysfunction.,X-off,"no formal model of organ priority under shortage; clinical, molecular or other use of the search terms (batch-coded after reading)"
S01741,PubMed,2023,The central role of peripheral inflammation in ischemic stroke.,X-off,"no formal model of organ priority under shortage; clinical, molecular or other use of the search terms (batch-coded after reading)"
S01742,PubMed,2024,Oxygen and the Spark of Human Brain Evolution: Complex Interactions of Metabolism and Cortical Expansion across Development and Evolution.,X-off,"no formal model of organ priority under shortage; clinical, molecular or other use of the search terms (batch-coded after reading)"
S01743,PubMed,2023,Neuronutrients and Central Nervous System: A Systematic Review.,X-off,"no formal model of organ priority under shortage; clinical, molecular or other use of the search terms (batch-coded after reading)"
S01744,PubMed,2022,Neuroinflammation regulates the balance between hippocampal neuron death and neurogenesis in an ex vivo model of thiamine deficiency.,X-off,"no formal model of organ priority under shortage; clinical, molecular or other use of the search terms (batch-coded after reading)"
S01745,PubMed,2022,Systematic analysis of inheritance pattern determination in genes that cause rare neurodevelopmental diseases.,X-off,"no formal model of organ priority under shortage; clinical, molecular or other use of the search terms (batch-coded after reading)"
S01746,PubMed,2022,Mannose inhibits Plasmodium parasite growth and cerebral malaria development via regulation of host immune responses.,X-off,"no formal model of organ priority under shortage; clinical, molecular or other use of the search terms (batch-coded after reading)"
S01747,PubMed,2022,Improving the Use of Blockchain Technology in Stroke Care Information Management Systems.,X-off,"no formal model of organ priority under shortage; clinical, molecular or other use of the search terms (batch-coded after reading)"
S01748,PubMed,2022,"The principle of 'brain energy on demand' and its predictive power for stress, sleep, stroke, obesity and diabetes.",X1-neighbour,brain energy on demand: A-models (active procurement) against P-models (passive supply)
S01749,PubMed,2022,RBD-VLP Vaccines Adjuvanted with Alum or SWE Protect K18-hACE2 Mice against SARS-CoV-2 VOC Challenge.,X-off,"no formal model of organ priority under shortage; clinical, molecular or other use of the search terms (batch-coded after reading)"
S01750,PubMed,2022,Biomarker and therapeutic potential of peripheral extracellular vesicles in Alzheimer's disease.,X-off,"no formal model of organ priority under shortage; clinical, molecular or other use of the search terms (batch-coded after reading)"
S01751,PubMed,2022,"Sepsis, pyruvate, and mitochondria energy supply chain shortage.",X-off,"no formal model of organ priority under shortage; clinical, molecular or other use of the search terms (batch-coded after reading)"
S01752,PubMed,2022,Perisciatic Nerve Dexmedetomidine Alleviates Spinal Oxidative Stress and Improves Peripheral Mitochondrial Dynamic Equilibrium in a Neuropathic Pain Mouse Model in an AMPK-Dependent Manner.,X-off,"no formal model of organ priority under shortage; clinical, molecular or other use of the search terms (batch-coded after reading)"
S01753,PubMed,2022,Obesity and Type 2 Diabetes Mellitus Explained by the Free Energy Principle.,X-off,"no formal model of organ priority under shortage; clinical, molecular or other use of the search terms (batch-coded after reading)"
S01754,PubMed,2022,Molecular Mechanisms of Neuroinflammation in ME/CFS and Long COVID to Sustain Disease and Promote Relapses.,X-off,"no formal model of organ priority under shortage; clinical, molecular or other use of the search terms (batch-coded after reading)"
S01755,PubMed,2022,"Beyond Genetics: The Role of Metabolism in Photoreceptor Survival, Development and Repair.",X-off,"no formal model of organ priority under shortage; clinical, molecular or other use of the search terms (batch-coded after reading)"
S01756,PubMed,2022,Event rate effects on children with attention-deficit/hyperactive disorder: Test predictions from the moderate brain arousal model and the neuro-energetics theory using the diffusion decision model.,X-off,"no formal model of organ priority under shortage; clinical, molecular or other use of the search terms (batch-coded after reading)"
S01757,PubMed,2022,"Genome of a giant isopod, Bathynomus jamesi, provides insights into body size evolution and adaptation to deep-sea environment.",X-off,"no formal model of organ priority under shortage; clinical, molecular or other use of the search terms (batch-coded after reading)"
S01758,PubMed,2022,From a Demand-Based to a Supply-Limited Framework of Brain Metabolism.,X1-neighbour,from demand-based to supply-limited framework of brain metabolism
S01759,PubMed,2022,Associations between high-metabolic rate organ masses and fasting hunger: A study using whole-body magnetic resonance imaging in healthy males.,X-off,"no formal model of organ priority under shortage; clinical, molecular or other use of the search terms (batch-coded after reading)"
S01760,PubMed,2022,Cerebrovascular Variants and the Role of the Selfish Brain in Young-Onset Hypertension.,X-off,"no formal model of organ priority under shortage; clinical, molecular or other use of the search terms (batch-coded after reading)"
S01761,PubMed,2022,Fertilization by coral-dwelling fish promotes coral growth but can exacerbate bleaching response.,X5-near,DEB coral with coral-dwelling fish (nitrogen)
S01762,PubMed,2022,Cardiovascular Response to Posture Changes: Multiscale Modeling and in vivo Validation During Head-Up Tilt.,CHECK,"multiscale cardiovascular model, organ perfusion under orthostatic stress with short-term regulation"
S01763,PubMed,2022,Presynaptic Mitochondrial Volume and Packing Density Scale with Presynaptic Power Demand.,X-off,"no formal model of organ priority under shortage; clinical, molecular or other use of the search terms (batch-coded after reading)"
S01764,PubMed,2021,Increased 20-HETE Signaling Suppresses Capillary Neurovascular Coupling After Ischemic Stroke in Regions Beyond the Infarct.,X-off,"no formal model of organ priority under shortage; clinical, molecular or other use of the search terms (batch-coded after reading)"
S01765,PubMed,2021,Brain Mass (Energy) Resistant to Hyperglycaemic Oversupply: A Systematic Review.,X-off,"no formal model of organ priority under shortage; clinical, molecular or other use of the search terms (batch-coded after reading)"
S01766,PubMed,2021,Modeling restoration of gefitinib efficacy by co-administration of MET inhibitors in an EGFR inhibitor-resistant NSCLC xenograft model: A tumor-in-host DEB-based approach.,I-emergent,"DEB tumour-in-host, combination therapy"
S01767,PubMed,2021,Network Model With Reduced Metabolic Rate Predicts Spatial Synchrony of Neuronal Activity.,X-off,"no formal model of organ priority under shortage; clinical, molecular or other use of the search terms (batch-coded after reading)"
S01768,PubMed,2021,Effect of energy requirements in the growth of brain tumor: a theoretical approach.,X-off,"no formal model of organ priority under shortage; clinical, molecular or other use of the search terms (batch-coded after reading)"
S01769,PubMed,2022,Brain energy failure in dementia syndromes: Opportunities and challenges for glucagon-like peptide-1 receptor agonists.,X-off,"no formal model of organ priority under shortage; clinical, molecular or other use of the search terms (batch-coded after reading)"
S01770,PubMed,2021,Larger guts and faster growth in mice selected for high basal metabolic rate.,X-off,"no formal model of organ priority under shortage; clinical, molecular or other use of the search terms (batch-coded after reading)"
S01771,PubMed,2021,Disrupted relationship between blood glucose and brain dopamine D2/3 receptor binding in patients with first-episode schizophrenia.,X-off,"no formal model of organ priority under shortage; clinical, molecular or other use of the search terms (batch-coded after reading)"
S01772,PubMed,2021,Glucose Metabolism Reprogramming of Regulatory T Cells in Concanavalin A-Induced Hepatitis.,X-off,"no formal model of organ priority under shortage; clinical, molecular or other use of the search terms (batch-coded after reading)"
S01773,PubMed,2021,Dietary spinach reshapes the gut microbiome in an Apc-mutant genetic background: mechanistic insights from integrated multi-omics.,X-off,"no formal model of organ priority under shortage; clinical, molecular or other use of the search terms (batch-coded after reading)"
S01774,PubMed,2021,"Artificial Intelligence in Surveillance, Diagnosis, Drug Discovery and Vaccine Development against COVID-19.",X-off,"no formal model of organ priority under shortage; clinical, molecular or other use of the search terms (batch-coded after reading)"
S01775,PubMed,2021,A Dynamic Energy Budget (DEB) based modeling framework to describe tumor-in-host growth inhibition and cachexia onset during anticancer treatment in in vivo xenograft studies.,I-emergent,DEB tumour-in-host with cachexia onset under treatment (Tosca et al. 2021)
S01776,PubMed,2021,Proximal Disruption of Brain Energy Supply Raises Systemic Blood Glucose: A Systematic Review.,X-off,"no formal model of organ priority under shortage; clinical, molecular or other use of the search terms (batch-coded after reading)"
S01777,PubMed,2021,The energy allocation trade-offs underlying life history traits in hypometabolic strepsirhines and other primates.,X-off,"no formal model of organ priority under shortage; clinical, molecular or other use of the search terms (batch-coded after reading)"
S01778,PubMed,2021,Contrasting Metabolic Insufficiency in Aging and Dementia.,X-off,"no formal model of organ priority under shortage; clinical, molecular or other use of the search terms (batch-coded after reading)"
S01779,PubMed,2021,Implementation of Automated Blood Culture With Quality Assurance in a Resource-Limited Setting.,X-off,"no formal model of organ priority under shortage; clinical, molecular or other use of the search terms (batch-coded after reading)"
S01780,PubMed,2021,Reprogramming an energetic AKT-PAK5 axis boosts axon energy supply and facilitates neuron survival and regeneration after injury and ischemia.,X-off,"no formal model of organ priority under shortage; clinical, molecular or other use of the search terms (batch-coded after reading)"
S01781,PubMed,2021,Systems Biology Reveals S-Nitrosylation-Dependent Regulation of Mitochondrial Functions in Mice with Shank3 Mutation Associated with Autism Spectrum Disorder.,X-off,"no formal model of organ priority under shortage; clinical, molecular or other use of the search terms (batch-coded after reading)"
S01782,PubMed,2021,The severity of microstrokes depends on local vascular topology and baseline perfusion.,X-off,"no formal model of organ priority under shortage; clinical, molecular or other use of the search terms (batch-coded after reading)"
S01783,PubMed,2021,Seasonally related metabolic changes and energy allocation associated with growth and reproductive phases in the liver of male goldfish (Carassius auratus).,X-off,"no formal model of organ priority under shortage; clinical, molecular or other use of the search terms (batch-coded after reading)"
S01784,PubMed,2021,Astrocyte-mediated disruption of ROS homeostasis in Fragile X mouse model.,X-off,"no formal model of organ priority under shortage; clinical, molecular or other use of the search terms (batch-coded after reading)"
S01785,PubMed,2021,Real-Time Assessment of Mitochondrial Toxicity in HepG2 Cells Using the Seahorse Extracellular Flux Analyzer.,X-off,"no formal model of organ priority under shortage; clinical, molecular or other use of the search terms (batch-coded after reading)"
S01786,PubMed,2021,Brain-immune crosstalk in the treatment of major depressive disorder.,X-off,"no formal model of organ priority under shortage; clinical, molecular or other use of the search terms (batch-coded after reading)"
S01787,PubMed,2020,Mitochondrial Membranes of Human SH-SY5Y Neuroblastoma Cells Express Serotonin 5-HT7 Receptor.,X-off,"no formal model of organ priority under shortage; clinical, molecular or other use of the search terms (batch-coded after reading)"
S01788,PubMed,2020,Simple models including energy and spike constraints reproduce complex activity patterns and metabolic disruptions.,X-off,"no formal model of organ priority under shortage; clinical, molecular or other use of the search terms (batch-coded after reading)"
S01789,PubMed,2019,Non-Equilibrium Quantum Electrodynamics in Open Systems as a Realizable Representation of Quantum Field Theory of the Brain.,X-off,"no formal model of organ priority under shortage; clinical, molecular or other use of the search terms (batch-coded after reading)"
S01790,PubMed,2020,Metabolic Alterations Caused by Defective Cardiolipin Remodeling in Inherited Cardiomyopathies.,X-off,"no formal model of organ priority under shortage; clinical, molecular or other use of the search terms (batch-coded after reading)"
S01791,PubMed,2021,Factors Associated With Energy Expenditure and Energy Balance in Acute Sport-Related Concussion.,X-off,"no formal model of organ priority under shortage; clinical, molecular or other use of the search terms (batch-coded after reading)"
S01792,PubMed,2020,"Decreased Mitochondrial Function, Biogenesis, and Degradation in Peripheral Blood Mononuclear Cells from Amyotrophic Lateral Sclerosis Patients as a Potential Tool for Biomarker Research.",X-off,"no formal model of organ priority under shortage; clinical, molecular or other use of the search terms (batch-coded after reading)"
S01793,PubMed,2020,"The haunted heart and the Holy Ghost: on retrieval, donation and death.",X-off,"no formal model of organ priority under shortage; clinical, molecular or other use of the search terms (batch-coded after reading)"
S01794,PubMed,2020,Gut transcriptomic changes during hibernation in the greater horseshoe bat (Rhinolophus ferrumequinum).,X-off,"no formal model of organ priority under shortage; clinical, molecular or other use of the search terms (batch-coded after reading)"
S01795,PubMed,2020,Bioenergetic Evolution Explains Prevalence of Low Nephron Number at Birth: Risk Factor for CKD.,X-off,"no formal model of organ priority under shortage; clinical, molecular or other use of the search terms (batch-coded after reading)"
S01796,PubMed,2020,"Transcranial focused ultrasound, pulsed at 40 Hz, activates microglia acutely and reduces Aβ load chronically, as demonstrated in vivo.",X-off,"no formal model of organ priority under shortage; clinical, molecular or other use of the search terms (batch-coded after reading)"
S01797,PubMed,2020,Fish embryo vulnerability to combined acidification and warming coincides with a low capacity for homeostatic regulation.,X-off,"no formal model of organ priority under shortage; clinical, molecular or other use of the search terms (batch-coded after reading)"
S01798,PubMed,2020,Oxidation-reduction mechanisms in psychiatric disorders: A novel target for pharmacological intervention.,X-off,"no formal model of organ priority under shortage; clinical, molecular or other use of the search terms (batch-coded after reading)"
S01799,PubMed,2020,New-Onset Psychosis Associated With a Lesion Localized in the Rostral Tectum: Insights Into Pathway-Specific Connectivity Disrupted in Psychosis.,X-off,"no formal model of organ priority under shortage; clinical, molecular or other use of the search terms (batch-coded after reading)"
S01800,PubMed,2020,Lactate: More Than Merely a Metabolic Waste Product in the Inner Retina.,X-off,"no formal model of organ priority under shortage; clinical, molecular or other use of the search terms (batch-coded after reading)"
S01801,PubMed,2020,A Tumor-in-Host DEB-Based Approach for Modeling Cachexia and Bevacizumab Resistance.,I-emergent,DEB tumour-in-host: cachexia and bevacizumab resistance
S01802,PubMed,2019,High-Fat Diet Induces Neuroinflammation and Mitochondrial Impairment in Mice Cerebral Cortex and Synaptic Fraction.,X-off,"no formal model of organ priority under shortage; clinical, molecular or other use of the search terms (batch-coded after reading)"
S01803,PubMed,2019,Limits to load-lifting performance in a passerine bird: the effects of intraspecific variation in morphological and kinematic parameters.,X-off,"no formal model of organ priority under shortage; clinical, molecular or other use of the search terms (batch-coded after reading)"
S01804,PubMed,2019,"Repaired coarctation of the aorta, persistent arterial hypertension and the selfish brain.",X-off,"no formal model of organ priority under shortage; clinical, molecular or other use of the search terms (batch-coded after reading)"
S01805,PubMed,2019,Neuro-cognitive architecture of executive functions: A latent variable analysis.,X-off,"no formal model of organ priority under shortage; clinical, molecular or other use of the search terms (batch-coded after reading)"
S01806,PubMed,2019,"Allostasis: A Brain-Centered, Predictive Mode of Physiological Regulation.",X1-neighbour,"Allostasis: a brain-centred, predictive mode of physiological regulation (prioritising flows of energy and nutrients)"
S01807,PubMed,2019,Brainstem adrenomedullin facilitates intermittent hypoxia-induced hypertension: A sympathetic story of a selfish brain.,X-off,"no formal model of organ priority under shortage; clinical, molecular or other use of the search terms (batch-coded after reading)"
S01808,PubMed,2019,Characterization of Listeria monocytogenes enhanced cold-tolerance variants isolated during prolonged cold storage.,X-off,"no formal model of organ priority under shortage; clinical, molecular or other use of the search terms (batch-coded after reading)"
S01809,PubMed,2019,Linking Bioenergetics and Parasite Transmission Models Suggests Mismatch Between Snail Host Density and Production of Human Schistosomes.,X5-near,"DEB-based individual model, schistosome parasitism of snail host"
S01810,PubMed,2019,HIV-1 infection alters energy metabolism in the brain: Contributions to HIV-associated neurocognitive disorders.,X-off,"no formal model of organ priority under shortage; clinical, molecular or other use of the search terms (batch-coded after reading)"
S01811,PubMed,2019,The age-related reduction in cerebral blood flow affects vertebral artery more than internal carotid artery blood flow.,X-off,"no formal model of organ priority under shortage; clinical, molecular or other use of the search terms (batch-coded after reading)"
S01812,PubMed,2019,Microglia-Specific Metabolic Changes in Neurodegeneration.,X-off,"no formal model of organ priority under shortage; clinical, molecular or other use of the search terms (batch-coded after reading)"
S01813,PubMed,2019,Anti-mitochondrial autoantibodies in systemic lupus erythematosus and their association with disease manifestations.,X-off,"no formal model of organ priority under shortage; clinical, molecular or other use of the search terms (batch-coded after reading)"
S01814,PubMed,2019,Possible association between social cognition and metabolic dysfunctions in Bipolar Disorder and Schizophrenia: Preliminary results.,X-off,"no formal model of organ priority under shortage; clinical, molecular or other use of the search terms (batch-coded after reading)"
S01815,PubMed,2019,Role of mitochondrial calcium uniporter-mediated Ca2+ and iron accumulation in traumatic brain injury.,X-off,"no formal model of organ priority under shortage; clinical, molecular or other use of the search terms (batch-coded after reading)"
S01816,PubMed,2019,Effect of erythropoietin on Fas/FasL expression in brain tissues of neonatal rats with hypoxic-ischemic brain damage.,X-off,"no formal model of organ priority under shortage; clinical, molecular or other use of the search terms (batch-coded after reading)"
S01817,PubMed,2019,A Population Dynamic Energy Budget-Based Tumor Growth Inhibition Model for Etoposide Effects on Wistar Rats.,I-emergent,population DEB tumour-in-host growth inhibition model (etoposide)
S01818,PubMed,2019,Genipin protects against cerebral ischemia-reperfusion injury by regulating the UCP2-SIRT3 signaling pathway.,X-off,"no formal model of organ priority under shortage; clinical, molecular or other use of the search terms (batch-coded after reading)"
S01819,PubMed,2019,"Adipose Tissue, Inter-Organ Communication, and the Path to Type 2 Diabetes: The 2016 Banting Medal for Scientific Achievement Lecture.",X-off,"no formal model of organ priority under shortage; clinical, molecular or other use of the search terms (batch-coded after reading)"
S01820,PubMed,2019,What is the key mediator of the neurovascular coupling response?,X-off,"no formal model of organ priority under shortage; clinical, molecular or other use of the search terms (batch-coded after reading)"
S01821,PubMed,2018,Photo-Powered Artificial Organelles for ATP Generation and Life-Sustainment.,X-off,"no formal model of organ priority under shortage; clinical, molecular or other use of the search terms (batch-coded after reading)"
S01822,PubMed,2018,Encephalization and longevity evolved in a correlated fashion in Euarchontoglires but not in other mammals.,X-off,"no formal model of organ priority under shortage; clinical, molecular or other use of the search terms (batch-coded after reading)"
S01823,PubMed,2019,Platelets Bioenergetics Screening Reflects the Impact of Brain Aβ Plaque Accumulation in a Rat Model of Alzheimer.,X-off,"no formal model of organ priority under shortage; clinical, molecular or other use of the search terms (batch-coded after reading)"
S01824,PubMed,2018,A Process for Digitizing and Simulating Biologically Realistic Oligocellular Networks Demonstrated for the Neuro-Glio-Vascular Ensemble.,X-off,"no formal model of organ priority under shortage; clinical, molecular or other use of the search terms (batch-coded after reading)"
S01825,PubMed,2018,Norepinephrine stimulates glycogenolysis in astrocytes to fuel neurons with lactate.,X-off,"no formal model of organ priority under shortage; clinical, molecular or other use of the search terms (batch-coded after reading)"
S01826,PubMed,2018,Hydroxybutyrate promotes the recovery from cerebral infarction by activating Amp-activated protein kinase signaling.,X-off,"no formal model of organ priority under shortage; clinical, molecular or other use of the search terms (batch-coded after reading)"
S01827,PubMed,2018,A mathematical model of type 1 diabetes involving leptin effects on glucose metabolism.,CHECK,brain-centred glucoregulatory model with leptin (type 1 diabetes)
S01828,PubMed,2018,Population Dynamics and Long-Term Trajectory of Dendritic Spines.,X-off,"no formal model of organ priority under shortage; clinical, molecular or other use of the search terms (batch-coded after reading)"
S01829,PubMed,2018,Unintended consequences of the potential phase-out of gamma irradiation.,X-off,"no formal model of organ priority under shortage; clinical, molecular or other use of the search terms (batch-coded after reading)"
S01830,PubMed,2018,Astrocyte Neuroprotection and Dehydroepiandrosterone.,X-off,"no formal model of organ priority under shortage; clinical, molecular or other use of the search terms (batch-coded after reading)"
S01831,PubMed,2018,Mental Work Requires Physical Energy: Self-Control Is Neither Exception nor Exceptional.,X-off,"no formal model of organ priority under shortage; clinical, molecular or other use of the search terms (batch-coded after reading)"
S01832,PubMed,2018,Neuroprotection Targeting Protein Misfolding on Chronic Cerebral Hypoperfusion in the Context of Metabolic Syndrome.,X-off,"no formal model of organ priority under shortage; clinical, molecular or other use of the search terms (batch-coded after reading)"
S01833,PubMed,2018,Modeling tumor growth inhibition and toxicity outcome after administration of anticancer agents in xenograft mice: A Dynamic Energy Budget (DEB) approach.,I-emergent,DEB tumour growth inhibition and cachexia in xenograft mice
S01834,PubMed,2018,Bioenergetic theory predicts infection dynamics of human schistosomes in intermediate host snails across ecological gradients.,X5-near,"DEB parasitism module, schistosome in snail host"
S01835,PubMed,2018,Paclitaxel-induced hypothermia and hypoperfusion increase breast cancer metastasis and angiogenesis in mice.,X-off,"no formal model of organ priority under shortage; clinical, molecular or other use of the search terms (batch-coded after reading)"
S01836,PubMed,2018,How Can a Ketogenic Diet Improve Motor Function?,X-off,"no formal model of organ priority under shortage; clinical, molecular or other use of the search terms (batch-coded after reading)"
S01837,PubMed,2018,"Effect of glucagon-like peptide-1 analogue; Exendin-4, on cognitive functions in type 2 diabetes mellitus; possible modulation of brain derived neurotrophic factor and brain Visfatin.",X-off,"no formal model of organ priority under shortage; clinical, molecular or other use of the search terms (batch-coded after reading)"
S01838,PubMed,2017,"A trade-off between cognitive and physical performance, with relative preservation of brain function.",E,"empirical trade-off between cognitive and physical performance, brain preserved"
S01839,PubMed,2017,Uncertainty and stress: Why it causes diseases and how it is mastered by the brain.,X-off,"no formal model of organ priority under shortage; clinical, molecular or other use of the search terms (batch-coded after reading)"
S01840,PubMed,2017,Ketogenic diet leads to O-GlcNAc modification in the BTBRT+tf/j mouse model of autism.,X-off,"no formal model of organ priority under shortage; clinical, molecular or other use of the search terms (batch-coded after reading)"
S01841,PubMed,2017,Differential investment in body girths by sex: Evidence from 3D photonic scanning in a Thai cohort.,X-off,"no formal model of organ priority under shortage; clinical, molecular or other use of the search terms (batch-coded after reading)"
S01842,PubMed,2017,Spreading depolarization monitoring in neurocritical care of acute brain injury.,X-off,"no formal model of organ priority under shortage; clinical, molecular or other use of the search terms (batch-coded after reading)"
S01843,PubMed,2017,The Role of Sirt1 in Epileptogenesis.,X-off,"no formal model of organ priority under shortage; clinical, molecular or other use of the search terms (batch-coded after reading)"
S01844,PubMed,2016,Energy metabolism regulated by HDAC inhibitor attenuates cardiac injury in hemorrhagic rat model.,X-off,"no formal model of organ priority under shortage; clinical, molecular or other use of the search terms (batch-coded after reading)"
S01845,PubMed,2016,A Biophysical Model for Cytotoxic Cell Swelling.,X-off,"no formal model of organ priority under shortage; clinical, molecular or other use of the search terms (batch-coded after reading)"
S01846,PubMed,2017,Selfish brain and selfish immune system interplay: A theoretical framework for metabolic comorbidities of mood disorders.,X1-neighbour,selfish brain and selfish immune system interplay (mood disorders)
S01847,PubMed,2016,Differential expression of endothelial nutrient transporters (MCT1 and GLUT1) in the developing eyes of mice.,X-off,"no formal model of organ priority under shortage; clinical, molecular or other use of the search terms (batch-coded after reading)"
S01848,PubMed,2016,Regulation of cerebral metabolism during cortical spreading depression.,CHECK,mass-conserving neuron-glia compartment model during cortical spreading depression
S01849,PubMed,2017,Methodology for a trial of brain-centered versus anticholinergic therapy in women with urgency urinary incontinence.,X-off,"no formal model of organ priority under shortage; clinical, molecular or other use of the search terms (batch-coded after reading)"
S01850,PubMed,2016,Glycerol-3-phosphate dehydrogenase 1 deficiency induces compensatory amino acid metabolism during fasting in mice.,X-off,"no formal model of organ priority under shortage; clinical, molecular or other use of the search terms (batch-coded after reading)"
S01851,PubMed,2016,[Parasitic strategy and regulation mechanism of Ustilago maydis - A review].,X-off,"no formal model of organ priority under shortage; clinical, molecular or other use of the search terms (batch-coded after reading)"
S01852,PubMed,2016,Anorexia Reduces GFAP+ Cell Density in the Rat Hippocampus.,X-off,"no formal model of organ priority under shortage; clinical, molecular or other use of the search terms (batch-coded after reading)"
S01853,PubMed,2016,"Human hypertension, sympathetic activity and the selfish brain.",X-off,"no formal model of organ priority under shortage; clinical, molecular or other use of the search terms (batch-coded after reading)"
S01854,PubMed,2016,The glial phosphorylase of glycogen isoform is reduced in the dorsolateral prefrontal cortex in chronic schizophrenia.,X-off,"no formal model of organ priority under shortage; clinical, molecular or other use of the search terms (batch-coded after reading)"
S01855,PubMed,2016,Chronic Pyruvate Supplementation Increases Exploratory Activity and Brain Energy Reserves in Young and Middle-Aged Mice.,X-off,"no formal model of organ priority under shortage; clinical, molecular or other use of the search terms (batch-coded after reading)"
S01856,PubMed,2016,Lessons from nature: signalling cascades associated with vertebrate brain anoxic survival.,X-off,"no formal model of organ priority under shortage; clinical, molecular or other use of the search terms (batch-coded after reading)"
S01857,PubMed,2016,The 'selfish brain' is regulated by aquaporins and autophagy under nutrient deprivation.,E,empirical brain sparing under water and food deprivation (Selfish Brain)
S01858,PubMed,2016,"[Effects of Tongluo Xingnao effervescent tablets on blood rheology, iNOS, VEGF and LDH-5 in MID rats].",X-off,"no formal model of organ priority under shortage; clinical, molecular or other use of the search terms (batch-coded after reading)"
S01859,PubMed,2016,An Illness of Power: Gender and the Social Causes of Depression.,X-off,"no formal model of organ priority under shortage; clinical, molecular or other use of the search terms (batch-coded after reading)"
S01860,PubMed,2015,Robust estimation of the motile cilia beating frequency.,X-off,"no formal model of organ priority under shortage; clinical, molecular or other use of the search terms (batch-coded after reading)"
S01861,PubMed,2016,Reduced mitochondrial Ca(2+) transients stimulate autophagy in human fibroblasts carrying the 13514A>G mutation of the ND5 subunit of NADH dehydrogenase.,X-off,"no formal model of organ priority under shortage; clinical, molecular or other use of the search terms (batch-coded after reading)"
S01862,PubMed,2015,"Stress habituation, body shape and cardiovascular mortality.",X-off,"no formal model of organ priority under shortage; clinical, molecular or other use of the search terms (batch-coded after reading)"
S01863,PubMed,2015,Physical Activity Protects the Human Brain against Metabolic Stress Induced by a Postprandial and Chronic Inflammation.,X-off,"no formal model of organ priority under shortage; clinical, molecular or other use of the search terms (batch-coded after reading)"
S01864,PubMed,2015,Expression profile analysis of silkworm P450 family genes after phoxim induction.,X-off,"no formal model of organ priority under shortage; clinical, molecular or other use of the search terms (batch-coded after reading)"
S01865,PubMed,2015,Increasing metabolic rate despite declining body weight in an adult parasitoid wasp.,X-off,"no formal model of organ priority under shortage; clinical, molecular or other use of the search terms (batch-coded after reading)"
S01866,PubMed,2014,"Hypoxic preconditioning: effect, mechanism and clinical implication (Part 1).",X-off,"no formal model of organ priority under shortage; clinical, molecular or other use of the search terms (batch-coded after reading)"
S01867,PubMed,2015,Caenorhabditis elegans as a model for cancer research.,X-off,"no formal model of organ priority under shortage; clinical, molecular or other use of the search terms (batch-coded after reading)"
S01868,PubMed,2015,Neuroprotective effects of dietary restriction: Evidence and mechanisms.,X-off,"no formal model of organ priority under shortage; clinical, molecular or other use of the search terms (batch-coded after reading)"
S01869,PubMed,2015,Gut-brain mechanisms controlling glucose homeostasis.,X-off,"no formal model of organ priority under shortage; clinical, molecular or other use of the search terms (batch-coded after reading)"
S01870,PubMed,2014,Proteomics of old world camelid (Camelus dromedarius): Better understanding the interplay between homeostasis and desert environment.,X-off,"no formal model of organ priority under shortage; clinical, molecular or other use of the search terms (batch-coded after reading)"
S01871,PubMed,2014,"Insulin resistance, selfish brain, and selfish immune system: an evolutionarily positively selected program used in chronic inflammatory diseases.",X1-neighbour,"insulin resistance, selfish brain and selfish immune system (Straub)"
S01872,PubMed,2015,Nampt/PBEF/visfatin exerts neuroprotective effects against ischemia/reperfusion injury via modulation of Bax/Bcl-2 ratio and prevention of caspase-3 activation.,X-off,"no formal model of organ priority under shortage; clinical, molecular or other use of the search terms (batch-coded after reading)"
S01873,PubMed,2015,Brain ontogeny and life history in Pleistocene hominins.,X-off,"no formal model of organ priority under shortage; clinical, molecular or other use of the search terms (batch-coded after reading)"
S01874,PubMed,2014,Cognitive enhancement kept within contexts: neuroethics and informed public policy.,X-off,"no formal model of organ priority under shortage; clinical, molecular or other use of the search terms (batch-coded after reading)"
S01875,PubMed,2015,"Empirical prediction of net splanchnic release of ketogenic nutrients, acetate, butyrate and β-hydroxybutyrate in ruminants: a meta-analysis.",X-off,"no formal model of organ priority under shortage; clinical, molecular or other use of the search terms (batch-coded after reading)"
S01876,PubMed,2014,"Exercise, energy intake, glucose homeostasis, and the brain.",X-off,"no formal model of organ priority under shortage; clinical, molecular or other use of the search terms (batch-coded after reading)"
S01877,PubMed,2015,Role of Mitochondrial Calcium Uniporter in Early Brain Injury After Experimental Subarachnoid Hemorrhage.,X-off,"no formal model of organ priority under shortage; clinical, molecular or other use of the search terms (batch-coded after reading)"
S01878,PubMed,2014,A brain centred view of psychiatric comorbidity in tinnitus: from otology to hodology.,X-off,"no formal model of organ priority under shortage; clinical, molecular or other use of the search terms (batch-coded after reading)"
S01879,PubMed,2014,Effect of diet on brain metabolites and behavior in spontaneously hypertensive rats.,X-off,"no formal model of organ priority under shortage; clinical, molecular or other use of the search terms (batch-coded after reading)"
S01880,PubMed,2014,Rise of ketone bodies with psychosocial stress in normal weight men.,X-off,"no formal model of organ priority under shortage; clinical, molecular or other use of the search terms (batch-coded after reading)"
S01881,PubMed,2014,Systemic disease sequelae in chronic inflammatory diseases and chronic psychological stress: comparison and pathophysiological model.,X1-neighbour,selfish immune system: energy allocation in chronic inflammation (Straub)
S01882,PubMed,2013,"Neuroendocrine link between stress, depression and diabetes.",X-off,"no formal model of organ priority under shortage; clinical, molecular or other use of the search terms (batch-coded after reading)"
S01883,PubMed,2014,Mitochondrial respiration in peripheral blood mononuclear cells correlates with depressive subsymptoms and severity of major depression.,X-off,"no formal model of organ priority under shortage; clinical, molecular or other use of the search terms (batch-coded after reading)"
S01884,PubMed,2014,Coupling physical exercise with dietary glucose supplement for treating cognitive impairment in schizophrenia: a theoretical model and future directions.,X-off,"no formal model of organ priority under shortage; clinical, molecular or other use of the search terms (batch-coded after reading)"
S01885,PubMed,2013,Using Fractal Geometry and Universal Growth Curves as Diagnostics for Comparing Tumor Vasculature and Metabolic Rate With Healthy Tissue and for Predicting Responses to Drug Therapies.,X-off,"no formal model of organ priority under shortage; clinical, molecular or other use of the search terms (batch-coded after reading)"
S01886,PubMed,2013,Cooperation between brain and islet in glucose homeostasis and diabetes.,X-off,"no formal model of organ priority under shortage; clinical, molecular or other use of the search terms (batch-coded after reading)"
S01887,PubMed,2013,Postulates on electromagnetic activity in biological systems and cancer.,X-off,"no formal model of organ priority under shortage; clinical, molecular or other use of the search terms (batch-coded after reading)"
S01888,PubMed,2015,Application of Lean Methodology for Improved Quality and Efficiency in Operating Room Instrument Availability.,X-off,"no formal model of organ priority under shortage; clinical, molecular or other use of the search terms (batch-coded after reading)"
S01889,PubMed,2013,Linking neuronal brain activity to the glucose metabolism.,I-access,Selfish Brain: general mathematical model of whole-body energy metabolism linked to neuronal activity
S01890,PubMed,2013,Cyclophilin-D inhibition in neuroprotection: dawn of a new era of mitochondrial medicine.,X-off,"no formal model of organ priority under shortage; clinical, molecular or other use of the search terms (batch-coded after reading)"
S01891,PubMed,2013,Increased nitroxidative stress promotes mitochondrial dysfunction in alcoholic and nonalcoholic fatty liver disease.,X-off,"no formal model of organ priority under shortage; clinical, molecular or other use of the search terms (batch-coded after reading)"
S01892,PubMed,2013,Xenomelia: a social neuroscience view of altered bodily self-consciousness.,X-off,"no formal model of organ priority under shortage; clinical, molecular or other use of the search terms (batch-coded after reading)"
S01893,PubMed,2013,Ghrelin: central and peripheral implications in anorexia nervosa.,X-off,"no formal model of organ priority under shortage; clinical, molecular or other use of the search terms (batch-coded after reading)"
S01894,PubMed,2013,Proteomic analysis of the hippocampus in Alzheimer's disease model mice by using two-dimensional fluorescence difference in gel electrophoresis.,X-off,"no formal model of organ priority under shortage; clinical, molecular or other use of the search terms (batch-coded after reading)"
S01895,PubMed,2013,Ototoxic Model of Oxaliplatin and Protection from Nicotinamide Adenine Dinucleotide.,X-off,"no formal model of organ priority under shortage; clinical, molecular or other use of the search terms (batch-coded after reading)"
S01896,PubMed,2013,Selfish brain and neuroprogression in bipolar disorder.,X-off,"no formal model of organ priority under shortage; clinical, molecular or other use of the search terms (batch-coded after reading)"
S01897,PubMed,2013,Dietary energy substrates reverse early neuronal hyperactivity in a mouse model of Alzheimer's disease.,X-off,"no formal model of organ priority under shortage; clinical, molecular or other use of the search terms (batch-coded after reading)"
S01898,PubMed,2013,Mitochondrial plasticity of the hippocampus in a genetic rat model of depression after antidepressant treatment.,X-off,"no formal model of organ priority under shortage; clinical, molecular or other use of the search terms (batch-coded after reading)"
S01899,PubMed,2012,"The ""selfish brain"" hypothesis for metabolic abnormalities in bipolar disorder and schizophrenia.",X-off,"no formal model of organ priority under shortage; clinical, molecular or other use of the search terms (batch-coded after reading)"
S01900,PubMed,2012,The selfish brain.,X-off,"no formal model of organ priority under shortage; clinical, molecular or other use of the search terms (batch-coded after reading)"
S01901,PubMed,2012,Elucidation of neuroprotective role of endogenous GABA and energy metabolites middle cerebral artery occluded model in rats.,X-off,"no formal model of organ priority under shortage; clinical, molecular or other use of the search terms (batch-coded after reading)"
S01902,PubMed,2012,"'Abnormalities and deformities': the dissection and interment of the insane poor, 1832-1929.",X-off,"no formal model of organ priority under shortage; clinical, molecular or other use of the search terms (batch-coded after reading)"
S01903,PubMed,2012,"[Power metabolism from neurons and a glia to the whole brain: norm, pathology and correction].",X-off,"no formal model of organ priority under shortage; clinical, molecular or other use of the search terms (batch-coded after reading)"
S01904,PubMed,2012,[Prefrontal Symptoms Inventory for clinical evaluation of addictions in everyday life: development process and psychometric properties].,X-off,"no formal model of organ priority under shortage; clinical, molecular or other use of the search terms (batch-coded after reading)"
S01905,PubMed,2012,A power-efficiency trade-off in resource use alters epidemiological relationships.,X-off,"no formal model of organ priority under shortage; clinical, molecular or other use of the search terms (batch-coded after reading)"
S01906,PubMed,2012,"Leptin, a neuroendocrine mediator of immune responses, inflammation, and sickness behaviors.",X1-neighbour,leptin mediating energy trade-offs between immunity and other systems
S01907,PubMed,2012,Power-law inter-spike interval distributions infer a conditional maximization of entropy in cortical neurons.,X-off,"no formal model of organ priority under shortage; clinical, molecular or other use of the search terms (batch-coded after reading)"
S01908,PubMed,2012,Updated energy budgets for neural computation in the neocortex and cerebellum.,X-off,"no formal model of organ priority under shortage; clinical, molecular or other use of the search terms (batch-coded after reading)"
S01909,PubMed,2012,The brain's supply and demand in obesity.,X-off,"no formal model of organ priority under shortage; clinical, molecular or other use of the search terms (batch-coded after reading)"
S01910,PubMed,2011,Carbohydrate-biased control of energy metabolism: the darker side of the selfish brain.,X-off,"no formal model of organ priority under shortage; clinical, molecular or other use of the search terms (batch-coded after reading)"
S01911,PubMed,2012,Mathematical modeling of the human energy metabolism based on the Selfish Brain Theory.,I-access,Selfish Brain: review of mathematical models (allocation and appetite as the brain's two controls)
S01912,PubMed,2011,Cerebral metabolism after early decompression craniotomy following controlled cortical impact injury in rats.,X-off,"no formal model of organ priority under shortage; clinical, molecular or other use of the search terms (batch-coded after reading)"
S01913,PubMed,2011,Insulin chewing gum: Need of the day for diabetic patients.,X-off,"no formal model of organ priority under shortage; clinical, molecular or other use of the search terms (batch-coded after reading)"
S01914,PubMed,2011,The selfish brain: stress and eating behavior.,I-access,"Selfish Brain: cerebral supply chain model, brain as final consumer, supply and demand"
S01915,PubMed,2011,Ion regulation in fish gills: recent progress in the cellular and molecular mechanisms.,X-off,"no formal model of organ priority under shortage; clinical, molecular or other use of the search terms (batch-coded after reading)"
S01916,PubMed,2012,Postnatal growth velocity modulates alterations of proteins involved in metabolism and neuronal plasticity in neonatal hypothalamus in rats born with intrauterine growth restriction.,X-off,"no formal model of organ priority under shortage; clinical, molecular or other use of the search terms (batch-coded after reading)"
S01917,PubMed,2011,The selfish brain: Competition for energy resources.,X-off,"no formal model of organ priority under shortage; clinical, molecular or other use of the search terms (batch-coded after reading)"
S01918,PubMed,2010,Prolongation of myocardial viability by proteasome inhibition during hypothermic organ preservation.,X-off,"no formal model of organ priority under shortage; clinical, molecular or other use of the search terms (batch-coded after reading)"
S01919,PubMed,2011,Systemic investigation of a brain-centered model of the human energy metabolism.,I-access,"Selfish Brain: compartment model periphery-blood-brain, insulin as the brain's feedback signal, competition for energy (K1)"
S01920,PubMed,2010,Neuronal protective role of PBEF in a mouse model of cerebral ischemia.,X-off,"no formal model of organ priority under shortage; clinical, molecular or other use of the search terms (batch-coded after reading)"
S01921,PubMed,2010,Compact energy metabolism model: brain controlled energy supply.,I-access,"Selfish Brain: compact energy metabolism model, brain-controlled supply, all organs compete, brain has highest priority (H2)"
S01922,PubMed,2010,Molecular aspects of thyroid hormone actions.,X-off,"no formal model of organ priority under shortage; clinical, molecular or other use of the search terms (batch-coded after reading)"
S01923,PubMed,2010,Regulation of neuron mitochondrial biogenesis and relevance to brain health.,X-off,"no formal model of organ priority under shortage; clinical, molecular or other use of the search terms (batch-coded after reading)"
S01924,PubMed,2008,Deductive functional assignment of elements in appetite regulation.,I-access,Selfish Brain: deductive model of energy transport body to brain (pull with small push) and appetite
S01925,PubMed,2009,Build-ups in the supply chain of the brain: on the neuroenergetic cause of obesity and type 2 diabetes mellitus.,I-access,"Selfish Brain: supply-chain model, competent brain-pull, build-ups cause obesity (K2)"
S01926,PubMed,2009,Perfusion CT improves diagnostic accuracy for hyperacute ischemic stroke in the 3-hour window: study of 100 patients with diffusion MRI confirmation.,X-off,"no formal model of organ priority under shortage; clinical, molecular or other use of the search terms (batch-coded after reading)"
S01927,PubMed,2009,Cytochrome c oxidase isoform IV-2 is involved in 3-nitropropionic acid-induced toxicity in striatal astrocytes.,X-off,"no formal model of organ priority under shortage; clinical, molecular or other use of the search terms (batch-coded after reading)"
S01928,PubMed,2009,Dynamic energy budgets in syntrophic symbiotic relationships between heterotrophic hosts and photoautotrophic symbionts.,X5-near,DEB host-symbiont syntrophy; passive regulation: symbiont shares only what it cannot use
S01929,PubMed,2009,The evolution of violence in men: the function of central cholesterol and serotonin.,X-off,"no formal model of organ priority under shortage; clinical, molecular or other use of the search terms (batch-coded after reading)"
S01930,PubMed,2008,Bioenergetic-based neuroprotection and glaucoma.,X-off,"no formal model of organ priority under shortage; clinical, molecular or other use of the search terms (batch-coded after reading)"
S01931,PubMed,2008,"Cell death and autophagy: cytokines, drugs, and nutritional factors.",X-off,"no formal model of organ priority under shortage; clinical, molecular or other use of the search terms (batch-coded after reading)"
S01932,PubMed,2008,[Effect of progesterone on the expression of GLUT in the brain following hypoxic-ischemia in newborn rats].,X-off,"no formal model of organ priority under shortage; clinical, molecular or other use of the search terms (batch-coded after reading)"
S01933,PubMed,2008,Effects of Chinese herbal medicine fuzhisan on aged rats.,X-off,"no formal model of organ priority under shortage; clinical, molecular or other use of the search terms (batch-coded after reading)"
S01934,PubMed,2008,Describing and understanding pacing strategies during athletic competition.,X-off,"no formal model of organ priority under shortage; clinical, molecular or other use of the search terms (batch-coded after reading)"
S01935,PubMed,2007,Central dysregulations in the control of energy homeostasis and endocrine alterations in anorexia and bulimia nervosa.,X-off,"no formal model of organ priority under shortage; clinical, molecular or other use of the search terms (batch-coded after reading)"
S01936,PubMed,2008,Insulin resistance in an energy-centered perspective.,X1-neighbour,insulin resistance as competition among organs for energy: four hypotheses
S01937,PubMed,2007,Mutations of mitochondrial DNA - cause or consequence of the ageing process?,X-off,"no formal model of organ priority under shortage; clinical, molecular or other use of the search terms (batch-coded after reading)"
S01938,PubMed,2007,Mitochondrial function in sepsis: acute phase versus multiple organ failure.,X-off,"no formal model of organ priority under shortage; clinical, molecular or other use of the search terms (batch-coded after reading)"
S01939,PubMed,2007,Quantitative steps in the evolution of metabolic organisation as specified by the Dynamic Energy Budget theory.,X-off,"no formal model of organ priority under shortage; clinical, molecular or other use of the search terms (batch-coded after reading)"
S01940,PubMed,2007,Pathways and genes differentially expressed in the motor cortex of patients with sporadic amyotrophic lateral sclerosis.,X-off,"no formal model of organ priority under shortage; clinical, molecular or other use of the search terms (batch-coded after reading)"
S01941,PubMed,2006,Thermoregulatory control of feeding and sleep in premature infants.,X-off,"no formal model of organ priority under shortage; clinical, molecular or other use of the search terms (batch-coded after reading)"
S01942,PubMed,2006,"Emotion, motivation, and the brain: reflex foundations in animal and human research.",X-off,"no formal model of organ priority under shortage; clinical, molecular or other use of the search terms (batch-coded after reading)"
S01943,PubMed,2007,Mitoenergetic failure in Alzheimer disease.,X-off,"no formal model of organ priority under shortage; clinical, molecular or other use of the search terms (batch-coded after reading)"
S01944,PubMed,2005,Energy substrate-supplemented resuscitation affects brain monocarboxylate transporter levels and gliosis in a rat model of hemorrhagic shock.,X-off,"no formal model of organ priority under shortage; clinical, molecular or other use of the search terms (batch-coded after reading)"
S01945,PubMed,2005,Nicotinamide modulates energy utilization and improves functional recovery from ischemia in the in vitro rabbit retina.,X-off,"no formal model of organ priority under shortage; clinical, molecular or other use of the search terms (batch-coded after reading)"
S01946,PubMed,2005,"Protective effect of L-trans-pyrrolidine-2,4-dicarboxilic acid preload against cell death induced by oxygen/glucose deprivation in differentiated PC12 cells.",X-off,"no formal model of organ priority under shortage; clinical, molecular or other use of the search terms (batch-coded after reading)"
S01947,PubMed,2005,Chloramphenicol decreases brain glucose utilization and modifies the sleep-wake cycle architecture in rats.,X-off,"no formal model of organ priority under shortage; clinical, molecular or other use of the search terms (batch-coded after reading)"
S01948,PubMed,2005,Acute toxicity of doxorubicin on isolated perfused heart: response of kinases regulating energy supply.,X-off,"no formal model of organ priority under shortage; clinical, molecular or other use of the search terms (batch-coded after reading)"
S01949,PubMed,2005,Interaction between alcohol and exercise: physiological and haematological implications.,X-off,"no formal model of organ priority under shortage; clinical, molecular or other use of the search terms (batch-coded after reading)"
S01950,PubMed,2003,The embedded tumour: host physiology is important for the evaluation of tumour growth.,I-emergent,DEB tumour-in-host (workload model): tumour and host compete for energy (K4)
S01951,PubMed,1999,Insect circadian clocks: is it all in their heads?,X-off,"no formal model of organ priority under shortage; clinical, molecular or other use of the search terms (batch-coded after reading)"
S01952,PubMed,2002,"Induction of dauer pupae by fenoxycarb in the silkworm, Bombyx mori.",X-off,"no formal model of organ priority under shortage; clinical, molecular or other use of the search terms (batch-coded after reading)"
S01953,PubMed,2002,Virtual mitochondria: metabolic modelling and control.,X-off,"no formal model of organ priority under shortage; clinical, molecular or other use of the search terms (batch-coded after reading)"
S01954,PubMed,2000,[Effects of excessive iodine on activity of enolase in hippocampus of developing mice].,X-off,"no formal model of organ priority under shortage; clinical, molecular or other use of the search terms (batch-coded after reading)"
S01955,PubMed,2001,The selfish brain and the barker hypothesis.,X1-neighbour,"selfish brain and the Barker hypothesis: brain sparing in growth restriction, nephron cost"
S01956,PubMed,2001,E1 mice epilepsy shows genetic polymorphism for S-Adenosyl-L-homocysteine hydrolase.,X-off,"no formal model of organ priority under shortage; clinical, molecular or other use of the search terms (batch-coded after reading)"
S01957,PubMed,2000,Rat cortical neuron cultures: an in vitro model for differentiating mechanisms of chemically induced neurotoxicity.,X-off,"no formal model of organ priority under shortage; clinical, molecular or other use of the search terms (batch-coded after reading)"
S01958,PubMed,2000,Physiological models to understand exercise fatigue and the adaptations that predict or enhance athletic performance.,X1-neighbour,physiological models of exercise fatigue: a central governor protecting the heart (Noakes)
S01959,PubMed,1997,Oxygen sensing and signal transduction in metabolic defense against hypoxia: lessons from vertebrate facultative anaerobes.,X-off,"no formal model of organ priority under shortage; clinical, molecular or other use of the search terms (batch-coded after reading)"
S01960,PubMed,1996,Unifying theory of hypoxia tolerance: molecular/metabolic defense and rescue mechanisms for surviving oxygen lack.,X1-neighbour,"unifying theory of hypoxia tolerance: balanced suppression of ATP demand and supply, defence and rescue (Hochachka)"
S01961,PubMed,1996,A mechanism for inducing plant development: the genesis of a specific inhibitor.,X-off,"no formal model of organ priority under shortage; clinical, molecular or other use of the search terms (batch-coded after reading)"
S01962,PubMed,1995,Histamine receptor and its regulation of energy metabolism.,X-off,"no formal model of organ priority under shortage; clinical, molecular or other use of the search terms (batch-coded after reading)"
S01963,PubMed,1994,[Neuroprotection. Models and basic principles].,X-off,"no formal model of organ priority under shortage; clinical, molecular or other use of the search terms (batch-coded after reading)"
S01964,PubMed,1994,Effects of kainate-induced seizures on cerebral metabolism: a combined 1H and 31P NMR study in rat.,X-off,"no formal model of organ priority under shortage; clinical, molecular or other use of the search terms (batch-coded after reading)"
S01965,PubMed,1994,Impaired brain microcirculation may trigger Alzheimer's disease.,X-off,"no formal model of organ priority under shortage; clinical, molecular or other use of the search terms (batch-coded after reading)"
S01966,PubMed,1994,Adenosine--an endogenous neuroprotective metabolite and neuromodulator.,X-off,"no formal model of organ priority under shortage; clinical, molecular or other use of the search terms (batch-coded after reading)"
S01967,PubMed,1993,Redistribution of glutamate and glutamine in slices of human neocortex exposed to combined hypoxia and glucose deprivation in vitro.,X-off,"no formal model of organ priority under shortage; clinical, molecular or other use of the search terms (batch-coded after reading)"
S01968,PubMed,1992,Therapeutic potential for adenosine receptor activation in ischemic brain injury.,X-off,"no formal model of organ priority under shortage; clinical, molecular or other use of the search terms (batch-coded after reading)"
S01969,PubMed,1992,The impact of population growth on environment: the debate heats up.,X-off,"no formal model of organ priority under shortage; clinical, molecular or other use of the search terms (batch-coded after reading)"
S01970,PubMed,1992,Mechanisms for anoxic survival in the vertebrate brain.,X-off,"no formal model of organ priority under shortage; clinical, molecular or other use of the search terms (batch-coded after reading)"
S01971,PubMed,1990,A plea for the heart.,X-off,"no formal model of organ priority under shortage; clinical, molecular or other use of the search terms (batch-coded after reading)"
S01972,PubMed,1989,Developmental regulation of juvenile hormone biosynthesis by the ring gland of Drosophila melanogaster.,X-off,"no formal model of organ priority under shortage; clinical, molecular or other use of the search terms (batch-coded after reading)"
S01973,PubMed,1986,"Enzyme activities and adenine nucleotide content in aorta, heart muscle and skeletal muscle from uraemic rats.",X-off,"no formal model of organ priority under shortage; clinical, molecular or other use of the search terms (batch-coded after reading)"
S01974,PubMed,1985,Leukotrienes increase blood-brain barrier permeability following intraparenchymal injections in rats.,X-off,"no formal model of organ priority under shortage; clinical, molecular or other use of the search terms (batch-coded after reading)"
S01975,PubMed,1985,Experimental study on the growth and proliferation kinetics of residual tumor after surgery in mouse neuroblastoma.,X-off,"no formal model of organ priority under shortage; clinical, molecular or other use of the search terms (batch-coded after reading)"
S01976,PubMed,1984,[Studies on antitumor activity of valinomicin].,X-off,"no formal model of organ priority under shortage; clinical, molecular or other use of the search terms (batch-coded after reading)"
S01977,PubMed,1984,Further Evidence for the Presence of a Circadian Clock in the Prothoracic Glands of the Saturniid Moth Samia cynthia ricini: Decapitated Larvae Can Respond to Light-Dark Changes: (circadian clock/prothoracic glands/ecdysone/Samia cynthia ricini).,X-off,"no formal model of organ priority under shortage; clinical, molecular or other use of the search terms (batch-coded after reading)"
S01978,PubMed,1983,Evolution of brain size in neonatal and adult placental mammals: a theoretical approach.,X-off,"no formal model of organ priority under shortage; clinical, molecular or other use of the search terms (batch-coded after reading)"
S01979,PubMed,1982,Effects of agents used in the pharmacotherapy of cerebrovascular disease on the oxygen consumption of isolated cerebral mitochondria.,X-off,"no formal model of organ priority under shortage; clinical, molecular or other use of the search terms (batch-coded after reading)"
S01980,PubMed,1980,N.m.r. studies of metabolism in perfused organs.,X-off,"no formal model of organ priority under shortage; clinical, molecular or other use of the search terms (batch-coded after reading)"
S01981,PubMed,1971,Hour-glass behavior of the circadian clock controlling eclosion of the silkmoth Antheraea pernyi.,X-off,"no formal model of organ priority under shortage; clinical, molecular or other use of the search terms (batch-coded after reading)"
S01982,PubMed,1970,Neuroendocrine control of ecdysis in silkmoths.,X-off,"no formal model of organ priority under shortage; clinical, molecular or other use of the search terms (batch-coded after reading)"
